# Next-session reactions vs the options-implied move, and the direction of the
# subsequent drift. Gathered from news and options-preview coverage because
# this environment has no market-data egress. These are press figures, not
# returns recomputed from a price series, and they are not benchmark-adjusted.
#
# reaction_1d_pct is the FIRST FULL REGULAR SESSION close-to-close move, not
# the after-hours print. The two differ sharply for Q1 FY2025: -5% after hours
# but +21.1% on the next session close.
#
# confidence: high = corroborated by more than one source; medium = single
# source; low = attribution to this specific quarter is uncertain.
fiscal_quarter,event_day,reaction_1d_pct,implied_move_pct,implied_multiple,exceeded_implied,drift_30_60d_direction,confirms_thesis,confidence,source
Q1 FY2025,2025-05-15,21.1,15.1,1.40,yes,positive,yes,medium,"TipRanks options preview; ATH 187.00 on 2025-06-20"
Q2 FY2025,2025-08-13,-20.83,12.5,1.67,yes,negative,yes,low,"Benzinga 2026-08; implied-move quarter attribution uncertain"
Q3 FY2025,2025-11-11,-16.31,12.2,1.34,yes,negative,yes,medium,"Benzinga 2026-08; Options AI / investing.com"
Q4 FY2025,2026-02-27,-18.51,15.2,1.22,yes,positive,no,medium,"Benzinga 2026-08; ~80 on 02-27 recovering to ~141 by 05-07"
Q1 FY2026,2026-05-08,-11.40,9.84,1.16,yes,negative,yes,medium,"Benzinga 2026-08; TipRanks; 90.32 close on 2026-08-11"
Q2 FY2026,2026-08-12,19.30,15.5,1.25,yes,unknown,pending,high,"TipRanks/Yahoo preview; gapped +19.4% per Forbes 2026-08-13"
