fiscal_quarter,earnings_date_amc,next_session,close_before,close_after,move_pct,volume_vs_median,dow
Q3 (Apr qtr),1990-05-17,1990-05-18,0.0745,0.0745,0.00,4.0,Fri
Q4 (Jul qtr),1990-08-16,1990-08-17,0.0660,0.0745,12.87,2.8,Fri
Q1 (Oct qtr),1990-11-07,1990-11-08,0.0826,0.0991,19.99,10.3,Thu
Q2 (Jan qtr),1991-02-11,1991-02-12,0.1653,0.1735,4.97,4.4,Tue
Q3 (Apr qtr),1991-05-09,1991-05-10,0.1817,0.1735,-4.53,3.6,Fri
Q4 (Jul qtr),1991-08-20,1991-08-21,0.2396,0.2561,6.91,2.0,Wed
Q1 (Oct qtr),1991-11-06,1991-11-07,0.2809,0.2974,5.85,2.2,Thu
Q2 (Jan qtr),1992-02-06,1992-02-07,0.4875,0.4875,0.00,1.6,Fri
Q3 (Apr qtr),1992-05-13,1992-05-14,0.4379,0.4627,5.65,4.7,Thu
Q4 (Jul qtr),1992-08-13,1992-08-14,0.5701,0.5616,-1.49,4.4,Fri
Q1 (Oct qtr),1992-11-09,1992-11-10,0.7602,0.8014,5.42,4.6,Tue
Q2 (Jan qtr),1993-02-16,1993-02-17,0.9420,0.9420,0.00,3.7,Wed
Q3 (Apr qtr),1993-05-06,1993-05-07,1.0409,1.1156,7.18,3.7,Fri
Q4 (Jul qtr),1993-08-12,1993-08-13,1.3052,1.2228,-6.31,4.0,Fri
Q1 (Oct qtr),1993-11-04,1993-11-05,1.1401,1.2312,7.99,3.2,Fri
Q2 (Jan qtr),1994-02-22,1994-02-23,1.7019,1.6767,-1.48,2.1,Wed
Q3 (Apr qtr),1994-05-12,1994-05-13,1.3302,1.0657,-19.88,10.8,Fri
Q4 (Jul qtr),1994-08-18,1994-08-19,1.0823,1.0409,-3.83,3.4,Fri
Q1 (Oct qtr),1994-11-10,1994-11-11,1.4047,1.5121,7.65,2.9,Fri
Q2 (Jan qtr),1995-02-09,1995-02-10,1.6690,1.6111,-3.47,3.1,Fri
Q3 (Apr qtr),1995-05-02,1995-05-03,1.8836,1.9995,6.15,2.7,Wed
Q4 (Jul qtr),1995-08-17,1995-08-18,2.7926,3.0323,8.58,3.1,Fri
Q1 (Oct qtr),1995-11-09,1995-11-10,3.9741,4.0318,1.45,2.4,Fri
Q2 (Jan qtr),1996-02-08,1996-02-09,4.0815,4.1888,2.63,1.8,Fri
Q3 (Apr qtr),1996-05-09,1996-05-10,4.8417,5.0482,4.27,2.1,Fri
Q4 (Jul qtr),1996-08-15,1996-08-16,5.3042,5.1390,-3.11,1.6,Fri
Q1 (Oct qtr),1996-11-05,1996-11-06,5.6676,5.6266,-0.72,1.9,Wed
Q2 (Jan qtr),1997-02-07,1997-02-10,5.7915,5.3207,-8.13,3.9,Mon
Q3 (Apr qtr),1997-05-06,1997-05-07,5.3042,5.3954,1.72,2.3,Wed
Q4 (Jul qtr),1997-08-05,1997-08-06,7.5183,7.3778,-1.87,2.2,Wed
Q1 (Oct qtr),1997-11-03,1997-11-04,7.7832,7.6587,-1.60,1.6,Tue
Q2 (Jan qtr),1998-02-03,1998-02-04,8.6751,8.8891,2.47,2.1,Wed
Q3 (Apr qtr),1998-05-05,1998-05-06,10.1380,10.4680,3.26,2.2,Wed
Q4 (Jul qtr),1998-08-04,1998-08-05,12.8210,13.3190,3.88,2.5,Wed
Q1 (Oct qtr),1998-11-04,1998-11-05,13.5410,14.0040,3.42,1.6,Thu
Q2 (Jan qtr),1999-02-01,1999-02-02,23.7530,23.2160,-2.26,1.9,Tue
Q3 (Apr qtr),1999-05-11,1999-05-12,23.1060,24.5320,6.17,1.9,Wed
Q4 (Jul qtr),1999-08-09,1999-08-10,24.7100,24.2740,-1.76,2.3,Tue
Q1 (Oct qtr),1999-11-09,1999-11-10,30.6680,32.8420,7.09,2.0,Wed
Q2 (Jan qtr),2000-02-08,2000-02-09,51.9680,53.2090,2.39,2.2,Wed
Q3 (Apr qtr),2000-05-23,2000-05-24,41.7650,45.5470,9.06,1.9,Wed
Q4 (Jul qtr),2000-08-08,2000-08-09,54.1140,56.0240,3.53,2.3,Wed
Q1 (Oct qtr),2000-11-06,2000-11-07,45.5470,46.8880,2.94,1.5,Tue
Q2 (Jan qtr),2001-02-06,2001-02-07,29.5370,25.6600,-13.13,4.3,Wed
Q3 (Apr qtr),2001-05-01,2001-05-02,14.7060,16.5230,12.36,1.8,Wed
Q4 (Jul qtr),2001-08-07,2001-08-08,15.9130,14.8570,-6.64,1.5,Wed
Q1 (Oct qtr),2001-11-05,2001-11-06,14.7880,15.2610,3.20,1.7,Tue
Q2 (Jan qtr),2002-02-06,2002-02-07,15.3760,14.0950,-8.33,2.5,Thu
Q3 (Apr qtr),2002-05-07,2002-05-08,10.8060,13.4430,24.40,2.8,Wed
Q4 (Jul qtr),2002-08-06,2002-08-07,9.9730,10.7330,7.62,1.9,Wed
Q1 (Oct qtr),2002-11-05,2002-11-06,10.4850,10.7060,2.11,1.5,Wed
Q2 (Jan qtr),2003-02-04,2003-02-05,10.9060,10.9060,0.00,1.7,Wed
Q3 (Apr qtr),2003-05-05,2003-05-06,12.7140,13.1350,3.31,1.8,Tue
Q4 (Jul qtr),2003-08-05,2003-08-06,15.5830,14.5820,-6.42,2.3,Wed
Q1 (Oct qtr),2003-11-05,2003-11-06,18.0100,18.9190,5.05,3.1,Thu
Q2 (Jan qtr),2004-02-03,2004-02-04,21.8170,19.8960,-8.81,3.6,Wed
Q3 (Apr qtr),2004-05-11,2004-05-12,18.3840,18.1430,-1.31,1.9,Wed
Q4 (Jul qtr),2004-08-10,2004-08-11,16.9030,15.1110,-10.60,3.7,Wed
Q1 (Oct qtr),2004-11-09,2004-11-10,16.3180,15.2350,-6.64,3.5,Wed
Q2 (Jan qtr),2005-02-08,2005-02-09,15.0700,14.5660,-3.34,1.8,Wed
Q3 (Apr qtr),2005-05-10,2005-05-11,15.0440,15.3260,1.87,2.3,Wed
Q4 (Jul qtr),2005-08-09,2005-08-10,16.2020,15.0780,-6.94,5.1,Wed
Q1 (Oct qtr),2005-11-09,2005-11-10,14.6640,14.1700,-3.37,3.2,Thu
Q2 (Jan qtr),2006-02-07,2006-02-08,14.9450,16.0290,7.25,3.7,Wed
Q3 (Apr qtr),2006-05-09,2006-05-10,17.9120,17.1440,-4.29,2.0,Wed
Q4 (Jul qtr),2006-08-08,2006-08-09,14.2860,16.3430,14.40,4.8,Wed
Q1 (Oct qtr),2006-11-08,2006-11-09,20.7370,22.0650,6.40,4.8,Thu
Q2 (Jan qtr),2007-02-06,2007-02-07,22.5380,23.2080,2.97,2.2,Wed
Q3 (Apr qtr),2007-05-08,2007-05-09,23.4300,21.9060,-6.50,3.3,Wed
Q4 (Jul qtr),2007-08-07,2007-08-08,24.5320,26.1750,6.70,3.6,Wed
Q1 (Oct qtr),2007-11-07,2007-11-08,27.0580,24.4780,-9.54,4.4,Thu
Q2 (Jan qtr),2008-02-06,2008-02-07,19.0680,19.3170,1.31,3.5,Thu
Q3 (Apr qtr),2008-05-05,2008-05-06,21.7110,21.7540,0.20,1.8,Tue
Q4 (Jul qtr),2008-08-05,2008-08-06,18.7140,19.7710,5.65,2.3,Wed
Q1 (Oct qtr),2008-11-05,2008-11-06,14.3680,13.9950,-2.60,1.5,Thu
Q2 (Jan qtr),2009-02-04,2009-02-05,13.0890,13.5070,3.19,2.0,Thu
Q3 (Apr qtr),2009-05-06,2009-05-07,16.2020,15.6570,-3.36,1.8,Thu
Q4 (Jul qtr),2009-08-05,2009-08-06,18.3160,18.4320,0.63,1.6,Thu
Q1 (Oct qtr),2009-11-04,2009-11-05,19.2440,19.7710,2.74,2.0,Thu
Q2 (Jan qtr),2010-02-03,2010-02-04,19.0590,19.1370,0.41,2.5,Thu
Q3 (Apr qtr),2010-05-12,2010-05-13,22.0920,21.0920,-4.53,3.1,Thu
Q4 (Jul qtr),2010-08-11,2010-08-12,19.6050,17.6470,-9.99,4.8,Thu
Q1 (Oct qtr),2010-11-10,2010-11-11,20.2340,16.9540,-16.21,13.5,Thu
Q2 (Jan qtr),2011-02-09,2011-02-10,18.2100,15.6300,-14.17,12.4,Thu
Q3 (Apr qtr),2011-05-11,2011-05-12,14.7430,14.0380,-4.78,3.8,Thu
Q4 (Jul qtr),2011-08-10,2011-08-11,11.4260,13.2490,15.95,4.8,Thu
Q1 (Oct qtr),2011-11-09,2011-11-10,14.7130,15.5500,5.69,3.4,Thu
Q2 (Jan qtr),2012-02-08,2012-02-09,17.1260,16.7640,-2.11,3.2,Thu
Q3 (Apr qtr),2012-05-09,2012-05-10,15.8040,14.1460,-10.49,5.7,Thu
Q4 (Jul qtr),2012-08-15,2012-08-16,14.6670,16.0790,9.63,3.8,Thu
Q1 (Oct qtr),2012-11-13,2012-11-14,14.3510,15.0410,4.81,2.9,Wed
Q2 (Jan qtr),2013-02-13,2013-02-14,18.1370,18.0080,-0.71,2.0,Thu
Q3 (Apr qtr),2013-05-15,2013-05-16,18.3440,20.6620,12.64,5.5,Thu
Q4 (Jul qtr),2013-08-14,2013-08-15,22.9780,21.3310,-7.17,4.6,Thu
Q1 (Oct qtr),2013-11-13,2013-11-14,21.0580,18.7420,-11.00,6.9,Thu
Q2 (Jan qtr),2014-02-12,2014-02-13,20.2020,19.6870,-2.55,3.5,Thu
Q3 (Apr qtr),2014-05-14,2014-05-15,20.3390,21.5590,6.00,4.0,Thu
Q4 (Jul qtr),2014-08-13,2014-08-14,22.6390,22.0460,-2.62,2.5,Thu
Q1 (Oct qtr),2014-11-12,2014-11-13,22.7340,23.2480,2.26,2.3,Thu
Q2 (Jan qtr),2015-02-11,2015-02-12,24.5480,26.8530,9.39,4.2,Thu
Q3 (Apr qtr),2015-05-13,2015-05-14,26.9590,26.6830,-1.02,2.4,Thu
Q4 (Jul qtr),2015-08-21,2015-08-24,24.5000,23.3140,-4.84,2.6,Mon
Q1 (Oct qtr),2015-11-12,2015-11-13,25.9680,24.4550,-5.83,4.1,Fri
Q2 (Jan qtr),2016-02-10,2016-02-11,21.1670,23.2050,9.63,2.7,Thu
Q3 (Apr qtr),2016-05-18,2016-05-19,25.3550,26.1610,3.18,2.3,Thu
Q4 (Jul qtr),2016-08-16,2016-08-17,29.7990,29.4170,-1.28,2.7,Wed
Q1 (Oct qtr),2016-11-16,2016-11-17,30.4810,29.0130,-4.82,4.0,Thu
Q2 (Jan qtr),2017-02-15,2017-02-16,31.9600,32.7190,2.37,2.6,Thu
Q3 (Apr qtr),2017-05-17,2017-05-18,33.2200,30.8240,-7.21,5.5,Thu
Q4 (Jul qtr),2017-08-16,2017-08-17,32.0630,30.7740,-4.02,3.3,Thu
