market,cut,segment,bets,wins,losses,pushes,win_pct,pnl,roi,t_stat
MONEYLINE,every underdog,all underdogs,12771,3111,9660,0,0.2436,-86722.35,-0.0679,-1.39
MONEYLINE,by season,2006,343,84,259,0,0.2449,-3329.34,-0.0971,-0.88
MONEYLINE,by season,2007,544,153,391,0,0.2812,10522.99,0.1934,1.06
MONEYLINE,by season,2008,286,71,215,0,0.2483,-5046.75,-0.1765,-1.67
MONEYLINE,by season,2009,580,135,445,0,0.2328,-13801.57,-0.238,-3.58
MONEYLINE,by season,2010,559,127,432,0,0.2272,-12025.09,-0.2151,-3.05
MONEYLINE,by season,2011,670,153,517,0,0.2284,-8039.18,-0.12,-1.31
MONEYLINE,by season,2012,699,154,545,0,0.2203,-8634.34,-0.1235,-0.71
MONEYLINE,by season,2013,718,148,570,0,0.2061,-10975.81,-0.1529,-1.33
MONEYLINE,by season,2014,747,176,571,0,0.2356,-14192.9,-0.19,-2.97
MONEYLINE,by season,2015,751,151,600,0,0.2011,-14434.53,-0.1922,-1.83
MONEYLINE,by season,2016,742,180,562,0,0.2426,1661.91,0.0224,0.24
MONEYLINE,by season,2017,737,165,572,0,0.2239,56301.07,0.7639,1.0
MONEYLINE,by season,2018,764,172,592,0,0.2251,-16465.39,-0.2155,-3.02
MONEYLINE,by season,2019,762,173,589,0,0.227,-12304.82,-0.1615,-2.06
MONEYLINE,by season,2021,700,201,499,0,0.2871,-5416.33,-0.0774,-1.21
MONEYLINE,by season,2022,679,195,484,0,0.2872,3978.83,0.0586,0.75
MONEYLINE,by season,2023,792,217,575,0,0.274,-11138.71,-0.1406,-2.34
MONEYLINE,by season,2024,831,238,593,0,0.2864,-6646.86,-0.08,-1.28
MONEYLINE,by season,2025,867,218,649,0,0.2514,-16735.53,-0.193,-3.51
MONEYLINE,by size of the underdog line,a. +0.5 to +3,2233,1058,1175,0,0.4738,5467.35,0.0245,1.07
MONEYLINE,by size of the underdog line,b. +3.5 to +7,3011,1056,1955,0,0.3507,-1564.26,-0.0052,-0.21
MONEYLINE,by size of the underdog line,c. +7.5 to +10,1508,376,1132,0,0.2493,-10119.5,-0.0671,-1.6
MONEYLINE,by size of the underdog line,d. +10.5 to +14,1720,334,1386,0,0.1942,-14136.44,-0.0822,-1.81
MONEYLINE,by size of the underdog line,e. +14.5 to +21,2043,212,1831,0,0.1038,-52225.0,-0.2556,-5.16
MONEYLINE,by size of the underdog line,f. +21.5 to +28,1200,59,1141,0,0.0492,-38788.5,-0.3232,-3.58
MONEYLINE,by size of the underdog line,g. +28.5 to +35,594,14,580,0,0.0236,7644.0,0.1287,0.38
MONEYLINE,by size of the underdog line,h. +35 or more,461,2,459,0,0.0043,17100.0,0.3709,0.31
MONEYLINE,home / road / neutral,road dog,8016,1766,6250,0,0.2203,-44850.77,-0.056,-0.73
MONEYLINE,home / road / neutral,home dog,4269,1200,3069,0,0.2811,-39154.08,-0.0917,-3.33
MONEYLINE,home / road / neutral,neutral site,486,145,341,0,0.2984,-2717.49,-0.0559,-0.62
MONEYLINE,by underdog's conference,Mid-American,1430,351,1079,0,0.2455,-24879.73,-0.174,-3.82
MONEYLINE,by underdog's conference,Conference USA,1194,280,914,0,0.2345,-22820.95,-0.1911,-3.47
MONEYLINE,by underdog's conference,Big Ten,1152,288,864,0,0.25,-17312.55,-0.1503,-2.77
MONEYLINE,by underdog's conference,ACC,1114,341,773,0,0.3061,812.66,0.0073,0.13
MONEYLINE,by underdog's conference,SEC,1112,298,814,0,0.268,-12974.97,-0.1167,-2.08
MONEYLINE,by underdog's conference,Sun Belt,1102,282,820,0,0.2559,-8105.0,-0.0735,-1.16
MONEYLINE,by underdog's conference,Mountain West,1075,250,825,0,0.2326,-17084.95,-0.1589,-2.49
MONEYLINE,by underdog's conference,Big 12,1022,286,736,0,0.2798,2547.4,0.0249,0.3
MONEYLINE,by underdog's conference,American Athletic,805,187,618,0,0.2323,-19053.87,-0.2367,-4.27
MONEYLINE,by underdog's conference,Pac-12,760,205,555,0,0.2697,-3962.23,-0.0521,-0.78
MONEYLINE,by underdog's conference,FBS Independents,386,102,284,0,0.2642,-4668.59,-0.1209,-1.31
MONEYLINE,by underdog's conference,Western Athletic,271,50,221,0,0.1845,963.91,0.0356,0.08
MONEYLINE,by underdog's conference,Big East,204,66,138,0,0.3235,11523.52,0.5649,1.28
MONEYLINE,by underdog's conference,Pac-10,172,50,122,0,0.2907,412.17,0.024,0.16
MONEYLINE,by underdog's conference,Big Sky,150,13,137,0,0.0867,9462.5,0.6308,0.93
MONEYLINE,by underdog's conference,CAA,125,12,113,0,0.096,-6557.0,-0.5246,-3.51
MONEYLINE,by underdog's conference,Southland,106,9,97,0,0.0849,-2774.17,-0.2617,-0.78
MONEYLINE,by underdog's conference,MEAC,103,4,99,0,0.0388,46057.5,4.4716,0.84
MONEYLINE,by underdog's conference,MVFC,100,14,86,0,0.14,-4505.5,-0.4506,-2.97
MONEYLINE,by underdog's conference,OVC,86,5,81,0,0.0581,-6325.0,-0.7355,-6.13
MONEYLINE,by underdog's conference,Southern,77,2,75,0,0.026,-100.0,-0.013,-0.02
MONEYLINE,by underdog's conference,SWAC,66,2,64,0,0.0303,-6040.0,-0.9152,-15.33
MONEYLINE,by underdog's conference,Big South,45,3,42,0,0.0667,3710.0,0.8244,0.49
MONEYLINE,by underdog's conference,Patriot,37,4,33,0,0.1081,-1565.0,-0.423,-1.32
MONEYLINE,by favourite's conference,SEC,1596,326,1270,0,0.2043,-38601.17,-0.2419,-4.04
MONEYLINE,by favourite's conference,Big Ten,1577,334,1243,0,0.2118,-39029.99,-0.2475,-5.5
MONEYLINE,by favourite's conference,ACC,1369,374,995,0,0.2732,-1561.29,-0.0114,-0.19
MONEYLINE,by favourite's conference,Big 12,1302,313,989,0,0.2404,-5469.74,-0.042,-0.47
MONEYLINE,by favourite's conference,Mid-American,1129,311,818,0,0.2755,-9480.91,-0.084,-1.5
MONEYLINE,by favourite's conference,Mountain West,1029,250,779,0,0.243,48052.76,0.467,0.86
MONEYLINE,by favourite's conference,Conference USA,966,263,703,0,0.2723,-1279.86,-0.0132,-0.1
MONEYLINE,by favourite's conference,Sun Belt,926,266,660,0,0.2873,-7111.23,-0.0768,-1.41
MONEYLINE,by favourite's conference,Pac-12,910,212,698,0,0.233,-3600.12,-0.0396,-0.42
MONEYLINE,by favourite's conference,American Athletic,818,177,641,0,0.2164,-21963.05,-0.2685,-4.67
MONEYLINE,by favourite's conference,FBS Independents,434,114,320,0,0.2627,-3111.48,-0.0717,-0.74
MONEYLINE,by favourite's conference,Big East,269,67,202,0,0.2491,5705.83,0.2121,0.63
MONEYLINE,by favourite's conference,Western Athletic,224,41,183,0,0.183,-8635.0,-0.3855,-3.23
MONEYLINE,by favourite's conference,Pac-10,186,51,135,0,0.2742,-168.33,-0.0091,-0.06
MONEYLINE,by tier matchup (dog vs fav),P5 dog vs P5 fav,5205,1414,3791,0,0.2717,-33266.31,-0.0639,-2.28
MONEYLINE,by tier matchup (dog vs fav),G5 dog vs G5 fav,4328,1163,3165,0,0.2687,-42532.55,-0.0983,-2.61
MONEYLINE,by tier matchup (dog vs fav),G5 dog vs P5 fav,1442,220,1222,0,0.1526,-43942.45,-0.3047,-5.1
MONEYLINE,by tier matchup (dog vs fav),FCS/other dog vs P5 fav,541,39,502,0,0.0721,-14165.04,-0.2618,-1.17
MONEYLINE,by tier matchup (dog vs fav),FCS/other dog vs G5 fav,471,52,419,0,0.1104,44318.74,0.9409,0.79
MONEYLINE,by tier matchup (dog vs fav),FCS/other dog vs FCS/other fav,336,100,236,0,0.2976,9662.83,0.2876,1.04
MONEYLINE,by tier matchup (dog vs fav),P5 dog vs G5 fav,293,93,200,0,0.3174,-2203.48,-0.0752,-0.82
MONEYLINE,by tier matchup (dog vs fav),G5 dog vs FCS/other fav,107,17,90,0,0.1589,-4505.59,-0.4211,-2.94
MONEYLINE,by tier matchup (dog vs fav),P5 dog vs FCS/other fav,48,13,35,0,0.2708,-88.5,-0.0184,-0.06
MONEYLINE,conference vs non-conference,conference game,8480,2277,6203,0,0.2685,-68748.26,-0.0811,-3.49
MONEYLINE,conference vs non-conference,non-conference,4291,834,3457,0,0.1944,-17974.08,-0.0419,-0.3
MONEYLINE,by week,a. weeks 1-2,1968,359,1609,0,0.1824,27312.71,0.1388,0.47
MONEYLINE,by week,b. weeks 3-5,2663,590,2073,0,0.2216,-42247.72,-0.1586,-2.92
MONEYLINE,by week,c. weeks 6-10,4573,1215,3358,0,0.2657,-41483.06,-0.0907,-3.1
MONEYLINE,by week,d. week 11+,3431,896,2535,0,0.2611,-30201.82,-0.088,-2.29
MONEYLINE,by week,e. bowls / playoff,136,51,85,0,0.375,-102.46,-0.0075,-0.06
MONEYLINE,venue x line size,home dog a. +0.5 to +3,983,430,553,0,0.4374,-5138.09,-0.0523,-1.52
MONEYLINE,venue x line size,home dog b. +3.5 to +7,1274,456,818,0,0.3579,1508.17,0.0118,0.31
MONEYLINE,venue x line size,home dog c. +7.5 to +10,577,138,439,0,0.2392,-6049.0,-0.1048,-1.57
MONEYLINE,venue x line size,home dog d. +10.5 to +14,558,108,450,0,0.1935,-5020.67,-0.09,-1.13
MONEYLINE,venue x line size,home dog e. +14.5 to +21,570,49,521,0,0.086,-21822.0,-0.3828,-4.45
MONEYLINE,venue x line size,home dog f. +21.5 to +28,226,17,209,0,0.0752,25.5,0.0011,0.0
MONEYLINE,venue x line size,home dog g. +28.5 to +35,66,2,64,0,0.0303,-1158.0,-0.1755,-0.3
MONEYLINE,venue x line size,home dog h. +35 or more,15,0,15,0,0.0,-1500.0,-1.0,0.0
MONEYLINE,venue x line size,neutral site a. +0.5 to +3,99,52,47,0,0.5253,1289.39,0.1302,1.19
MONEYLINE,venue x line size,neutral site b. +3.5 to +7,143,61,82,0,0.4266,2303.89,0.1611,1.39
MONEYLINE,venue x line size,neutral site c. +7.5 to +10,67,9,58,0,0.1343,-3445.0,-0.5142,-3.38
MONEYLINE,venue x line size,neutral site d. +10.5 to +14,68,14,54,0,0.2059,-772.78,-0.1136,-0.52
MONEYLINE,venue x line size,neutral site e. +14.5 to +21,54,7,47,0,0.1296,-700.0,-0.1296,-0.41
MONEYLINE,venue x line size,neutral site f. +21.5 to +28,28,1,27,0,0.0357,-1425.0,-0.5089,-1.04
MONEYLINE,venue x line size,neutral site g. +28.5 to +35,15,1,14,0,0.0667,1232.0,0.8213,0.45
MONEYLINE,venue x line size,neutral site h. +35 or more,12,0,12,0,0.0,-1200.0,-1.0,0.0
MONEYLINE,venue x line size,road dog a. +0.5 to +3,1151,576,575,0,0.5004,9316.05,0.0809,2.53
MONEYLINE,venue x line size,road dog b. +3.5 to +7,1594,539,1055,0,0.3381,-5376.32,-0.0337,-0.99
MONEYLINE,venue x line size,road dog c. +7.5 to +10,864,229,635,0,0.265,-625.5,-0.0072,-0.13
MONEYLINE,venue x line size,road dog d. +10.5 to +14,1094,212,882,0,0.1938,-8343.0,-0.0763,-1.33
MONEYLINE,venue x line size,road dog e. +14.5 to +21,1419,156,1263,0,0.1099,-29703.0,-0.2093,-3.42
MONEYLINE,venue x line size,road dog f. +21.5 to +28,946,41,905,0,0.0433,-37389.0,-0.3952,-4.03
MONEYLINE,venue x line size,road dog g. +28.5 to +35,513,11,502,0,0.0214,7570.0,0.1476,0.39
MONEYLINE,venue x line size,road dog h. +35 or more,434,2,432,0,0.0046,19800.0,0.4562,0.36
MONEYLINE,rest advantage,a. dog rested 5+ more days,1017,268,749,0,0.2635,-10529.33,-0.1035,-1.8
MONEYLINE,rest advantage,b. dog rested 1-4 more days,1814,449,1365,0,0.2475,-21482.71,-0.1184,-1.93
MONEYLINE,rest advantage,c. equal rest,6213,1559,4654,0,0.2509,-76869.35,-0.1237,-4.56
MONEYLINE,rest advantage,d. favourite rested 1-4 more,1569,376,1193,0,0.2396,-27176.54,-0.1732,-3.87
MONEYLINE,rest advantage,e. favourite rested 5+ more,973,270,703,0,0.2775,1135.59,0.0117,0.13
MONEYLINE,opening -> closing line move,a. dog gave back 1+ pts (bet on dog),2704,684,2020,0,0.253,-25691.1,-0.095,-1.71
MONEYLINE,opening -> closing line move,b. dog gave back 0.5 pt,1114,315,799,0,0.2828,46288.99,0.4155,0.84
MONEYLINE,opening -> closing line move,c. line never moved,1188,295,893,0,0.2483,-23644.43,-0.199,-3.96
MONEYLINE,opening -> closing line move,d. dog gained 0.5 pt,1191,293,898,0,0.246,-3180.24,-0.0267,-0.32
MONEYLINE,opening -> closing line move,e. dog gained 1+ pts (bet on fav),3201,603,2598,0,0.1884,-51352.14,-0.1604,-3.02
SPREAD (ATS),every underdog,all underdogs,16550,8237,8041,272,0.506,-54188.53,-0.0327,-4.45
SPREAD (ATS),by season,2006,348,168,172,8,0.4941,-1875.87,-0.0539,-1.06
SPREAD (ATS),by season,2007,552,281,260,11,0.5194,-370.92,-0.0067,-0.17
SPREAD (ATS),by season,2008,290,142,145,3,0.4948,-1535.18,-0.0529,-0.95
SPREAD (ATS),by season,2009,617,319,292,6,0.5221,-209.83,-0.0034,-0.09
SPREAD (ATS),by season,2010,633,290,330,13,0.4677,-6585.09,-0.104,-2.77
SPREAD (ATS),by season,2011,702,346,347,9,0.4993,-3182.7,-0.0453,-1.26
SPREAD (ATS),by season,2012,725,362,348,15,0.5099,-1880.37,-0.0259,-0.74
SPREAD (ATS),by season,2013,741,350,382,9,0.4781,-6270.33,-0.0846,-2.42
SPREAD (ATS),by season,2014,765,391,365,9,0.5172,-780.95,-0.0102,-0.3
SPREAD (ATS),by season,2015,759,355,393,11,0.4746,-6961.85,-0.0917,-2.67
SPREAD (ATS),by season,2016,754,388,353,13,0.5236,64.39,0.0009,0.02
SPREAD (ATS),by season,2017,761,393,354,14,0.5261,427.03,0.0056,0.16
SPREAD (ATS),by season,2018,784,395,374,15,0.5137,-1350.62,-0.0172,-0.51
SPREAD (ATS),by season,2019,784,373,394,17,0.4863,-5385.33,-0.0687,-2.03
SPREAD (ATS),by season,2020,541,270,261,10,0.5085,-1554.55,-0.0287,-0.71
SPREAD (ATS),by season,2021,848,415,419,14,0.4976,-4172.73,-0.0492,-1.51
SPREAD (ATS),by season,2022,1405,718,669,18,0.5177,-1627.27,-0.0116,-0.46
SPREAD (ATS),by season,2023,1388,700,664,24,0.5132,-2763.64,-0.0199,-0.78
SPREAD (ATS),by season,2024,1556,793,734,29,0.5193,-1309.09,-0.0084,-0.35
SPREAD (ATS),by season,2025,1597,788,785,24,0.501,-6863.64,-0.043,-1.81
SPREAD (ATS),by size of the underdog line,a. +0.5 to +3,2706,1368,1265,73,0.5196,-1575.04,-0.0058,-0.32
SPREAD (ATS),by size of the underdog line,b. +3.5 to +7,3717,1874,1781,62,0.5127,-7497.83,-0.0202,-1.3
SPREAD (ATS),by size of the underdog line,c. +7.5 to +10,1921,954,938,29,0.5042,-7018.29,-0.0365,-1.69
SPREAD (ATS),by size of the underdog line,d. +10.5 to +14,2223,1115,1086,22,0.5066,-7153.59,-0.0322,-1.6
SPREAD (ATS),by size of the underdog line,e. +14.5 to +21,2672,1301,1332,39,0.4941,-14841.34,-0.0555,-3.03
SPREAD (ATS),by size of the underdog line,f. +21.5 to +28,1569,751,799,19,0.4845,-11581.39,-0.0738,-3.08
SPREAD (ATS),by size of the underdog line,g. +28.5 to +35,895,455,431,9,0.5135,-1722.66,-0.0192,-0.61
SPREAD (ATS),by size of the underdog line,h. +35 or more,847,419,409,19,0.506,-2798.41,-0.033,-1.02
SPREAD (ATS),home / road / neutral,road dog,10468,5252,5059,157,0.5094,-27877.92,-0.0266,-2.87
SPREAD (ATS),home / road / neutral,home dog,5514,2689,2720,105,0.4971,-27072.1,-0.0491,-3.85
SPREAD (ATS),home / road / neutral,neutral site,568,296,262,10,0.5305,761.48,0.0134,0.34
SPREAD (ATS),by underdog's conference,Mid-American,1490,733,733,24,0.5,-6544.52,-0.0439,-1.79
SPREAD (ATS),by underdog's conference,Conference USA,1376,654,704,18,0.4816,-10839.66,-0.0788,-3.08
SPREAD (ATS),by underdog's conference,ACC,1264,632,610,22,0.5089,-3449.9,-0.0273,-1.02
SPREAD (ATS),by underdog's conference,Big Ten,1208,587,595,26,0.4966,-6024.97,-0.0499,-1.83
SPREAD (ATS),by underdog's conference,SEC,1186,575,591,20,0.4931,-6721.74,-0.0567,-2.06
SPREAD (ATS),by underdog's conference,Sun Belt,1182,606,558,18,0.5206,-601.42,-0.0051,-0.18
SPREAD (ATS),by underdog's conference,Mountain West,1133,564,549,20,0.5067,-3549.34,-0.0313,-1.11
SPREAD (ATS),by underdog's conference,Big 12,1071,525,521,25,0.5019,-4245.62,-0.0396,-1.37
SPREAD (ATS),by underdog's conference,American Athletic,866,435,422,9,0.5076,-2565.86,-0.0296,-0.92
SPREAD (ATS),by underdog's conference,Pac-12,802,386,402,14,0.4898,-5015.08,-0.0625,-1.87
SPREAD (ATS),by underdog's conference,CAA,443,229,204,10,0.5289,418.18,0.0094,0.21
SPREAD (ATS),by underdog's conference,Big Sky,432,217,209,6,0.5094,-1175.14,-0.0272,-0.6
SPREAD (ATS),by underdog's conference,FBS Independents,430,218,205,7,0.5154,-640.27,-0.0149,-0.33
SPREAD (ATS),by underdog's conference,SWAC,341,154,184,3,0.4556,-4400.0,-0.129,-2.51
SPREAD (ATS),by underdog's conference,MVFC,326,188,135,3,0.582,3596.25,0.1103,2.12
SPREAD (ATS),by underdog's conference,Southland,313,149,158,6,0.4853,-2254.55,-0.072,-1.35
SPREAD (ATS),by underdog's conference,Southern,305,158,141,6,0.5284,263.64,0.0086,0.16
SPREAD (ATS),by underdog's conference,Western Athletic,291,158,129,4,0.5505,1500.42,0.0516,0.93
SPREAD (ATS),by underdog's conference,MEAC,266,124,141,1,0.4679,-2826.02,-0.1062,-1.82
SPREAD (ATS),by underdog's conference,Pioneer,240,112,126,2,0.4706,-2414.75,-0.1006,-1.64
SPREAD (ATS),by underdog's conference,NEC,211,97,111,3,0.4663,-2281.82,-0.1081,-1.66
SPREAD (ATS),by underdog's conference,Patriot,206,106,94,6,0.53,236.36,0.0115,0.17
SPREAD (ATS),by underdog's conference,Big East,203,101,95,7,0.5153,-306.78,-0.0151,-0.23
SPREAD (ATS),by underdog's conference,Pac-10,172,91,78,3,0.5385,438.26,0.0255,0.35
SPREAD (ATS),by underdog's conference,Big South-OVC,169,88,79,2,0.5269,100.0,0.0059,0.08
SPREAD (ATS),by underdog's conference,UAC,149,88,59,2,0.5986,2100.0,0.1409,1.84
SPREAD (ATS),by underdog's conference,OVC,145,79,64,2,0.5524,777.21,0.0536,0.68
SPREAD (ATS),by underdog's conference,Ivy,137,78,57,2,0.5778,1390.91,0.1015,1.26
SPREAD (ATS),by underdog's conference,Big South,107,53,54,0,0.4953,-581.82,-0.0544,-0.59
SPREAD (ATS),by underdog's conference,FCS Independents,32,22,10,0,0.6875,1000.0,0.3125,1.97
SPREAD (ATS),by favourite's conference,SEC,1813,880,905,28,0.493,-10360.47,-0.0571,-2.57
SPREAD (ATS),by favourite's conference,Big Ten,1710,833,847,30,0.4958,-8838.04,-0.0517,-2.26
SPREAD (ATS),by favourite's conference,ACC,1629,829,769,31,0.5188,-1426.68,-0.0088,-0.37
SPREAD (ATS),by favourite's conference,Big 12,1427,676,724,27,0.4829,-10833.81,-0.0759,-3.03
SPREAD (ATS),by favourite's conference,Mid-American,1211,599,595,17,0.5017,-4960.57,-0.041,-1.5
SPREAD (ATS),by favourite's conference,Conference USA,1144,575,553,16,0.5098,-2939.01,-0.0257,-0.92
SPREAD (ATS),by favourite's conference,Mountain West,1108,561,524,23,0.5171,-1327.73,-0.012,-0.42
SPREAD (ATS),by favourite's conference,Sun Belt,1022,529,476,17,0.5264,578.37,0.0057,0.19
SPREAD (ATS),by favourite's conference,Pac-12,985,479,490,16,0.4943,-5355.11,-0.0544,-1.8
SPREAD (ATS),by favourite's conference,American Athletic,913,452,451,10,0.5006,-3921.29,-0.0429,-1.36
SPREAD (ATS),by favourite's conference,FBS Independents,491,252,230,9,0.5228,-32.33,-0.0007,-0.02
SPREAD (ATS),by favourite's conference,CAA,315,162,149,4,0.5209,-174.35,-0.0055,-0.1
SPREAD (ATS),by favourite's conference,Big East,286,138,143,5,0.4911,-1736.35,-0.0607,-1.08
SPREAD (ATS),by favourite's conference,Big Sky,263,130,130,3,0.5,-1181.82,-0.0449,-0.77
SPREAD (ATS),by favourite's conference,MVFC,253,132,118,3,0.528,200.0,0.0079,0.13
SPREAD (ATS),by favourite's conference,Western Athletic,249,120,123,6,0.4938,-1353.55,-0.0544,-0.91
SPREAD (ATS),by favourite's conference,SWAC,209,105,102,2,0.5072,-654.55,-0.0313,-0.48
SPREAD (ATS),by favourite's conference,Pac-10,193,95,95,3,0.5,-898.52,-0.0466,-0.68
SPREAD (ATS),by favourite's conference,Southern,177,87,87,3,0.5,-790.91,-0.0447,-0.63
SPREAD (ATS),by favourite's conference,Ivy,176,100,72,4,0.5814,1890.91,0.1074,1.53
SPREAD (ATS),by favourite's conference,Pioneer,168,82,85,1,0.491,-1045.45,-0.0622,-0.85
SPREAD (ATS),by favourite's conference,Patriot,140,75,62,3,0.5474,618.18,0.0442,0.55
SPREAD (ATS),by favourite's conference,Southland,130,69,59,2,0.5391,372.73,0.0287,0.34
SPREAD (ATS),by favourite's conference,Big South-OVC,123,68,52,3,0.5667,981.82,0.0798,0.94
SPREAD (ATS),by favourite's conference,UAC,120,63,55,2,0.5339,227.27,0.0189,0.22
SPREAD (ATS),by favourite's conference,NEC,111,52,58,1,0.4727,-1072.73,-0.0966,-1.07
SPREAD (ATS),by favourite's conference,MEAC,90,49,40,1,0.5506,454.55,0.0505,0.5
SPREAD (ATS),by tier matchup (dog vs fav),P5 dog vs P5 fav,5598,2743,2749,106,0.4995,-24986.65,-0.0446,-3.53
SPREAD (ATS),by tier matchup (dog vs fav),G5 dog vs G5 fav,4634,2327,2237,70,0.5099,-11715.92,-0.0253,-1.82
SPREAD (ATS),by tier matchup (dog vs fav),FCS/other dog vs FCS/other fav,2683,1381,1263,39,0.5223,-779.38,-0.0029,-0.16
SPREAD (ATS),by tier matchup (dog vs fav),G5 dog vs P5 fav,1591,772,798,21,0.4917,-9526.97,-0.0599,-2.52
SPREAD (ATS),by tier matchup (dog vs fav),FCS/other dog vs P5 fav,866,434,418,14,0.5094,-2332.81,-0.0269,-0.84
SPREAD (ATS),by tier matchup (dog vs fav),FCS/other dog vs G5 fav,702,349,341,12,0.5058,-2378.38,-0.0339,-0.95
SPREAD (ATS),by tier matchup (dog vs fav),P5 dog vs G5 fav,311,160,144,7,0.5263,170.52,0.0055,0.1
SPREAD (ATS),by tier matchup (dog vs fav),G5 dog vs FCS/other fav,113,51,60,2,0.4595,-1357.48,-0.1201,-1.35
SPREAD (ATS),by tier matchup (dog vs fav),P5 dog vs FCS/other fav,52,20,31,1,0.3922,-1281.44,-0.2464,-1.9
SPREAD (ATS),conference vs non-conference,conference game,10838,5389,5260,189,0.5061,-35289.61,-0.0326,-3.58
SPREAD (ATS),conference vs non-conference,non-conference,5712,2848,2781,83,0.506,-18898.93,-0.0331,-2.64
SPREAD (ATS),by week,a. weeks 1-2,2626,1327,1258,41,0.5133,-5061.82,-0.0193,-1.04
SPREAD (ATS),by week,b. weeks 3-5,3444,1707,1681,56,0.5038,-12671.18,-0.0368,-2.28
SPREAD (ATS),by week,c. weeks 6-10,5928,2961,2864,103,0.5083,-16774.22,-0.0283,-2.3
SPREAD (ATS),by week,d. week 11+,4406,2168,2167,71,0.5001,-19308.58,-0.0438,-3.07
SPREAD (ATS),by week,e. bowls / playoff,146,74,71,1,0.5103,-372.73,-0.0255,-0.32
SPREAD (ATS),venue x line size,home dog a. +0.5 to +3,1221,585,597,39,0.4949,-6192.68,-0.0507,-1.88
SPREAD (ATS),venue x line size,home dog b. +3.5 to +7,1589,801,763,25,0.5121,-3421.68,-0.0215,-0.91
SPREAD (ATS),venue x line size,home dog c. +7.5 to +10,753,369,371,13,0.4986,-3525.63,-0.0468,-1.36
SPREAD (ATS),venue x line size,home dog d. +10.5 to +14,737,378,352,7,0.5178,-818.54,-0.0111,-0.32
SPREAD (ATS),venue x line size,home dog e. +14.5 to +21,771,341,416,14,0.4505,-10579.12,-0.1372,-4.04
SPREAD (ATS),venue x line size,home dog f. +21.5 to +28,312,142,164,6,0.4641,-3471.64,-0.1113,-2.08
SPREAD (ATS),venue x line size,home dog g. +28.5 to +35,107,58,48,1,0.5472,473.56,0.0443,0.48
SPREAD (ATS),venue x line size,home dog h. +35 or more,24,15,9,0,0.625,463.64,0.1932,1.0
SPREAD (ATS),venue x line size,neutral site a. +0.5 to +3,114,60,50,4,0.5455,474.06,0.0416,0.47
SPREAD (ATS),venue x line size,neutral site b. +3.5 to +7,157,93,60,4,0.6078,2468.65,0.1572,2.13
SPREAD (ATS),venue x line size,neutral site c. +7.5 to +10,79,31,47,1,0.3974,-1878.39,-0.2378,-2.26
SPREAD (ATS),venue x line size,neutral site d. +10.5 to +14,80,39,41,0,0.4875,-551.2,-0.0689,-0.64
SPREAD (ATS),venue x line size,neutral site e. +14.5 to +21,67,38,29,0,0.5672,560.12,0.0836,0.72
SPREAD (ATS),venue x line size,neutral site f. +21.5 to +28,32,16,16,0,0.5,-140.29,-0.0438,-0.26
SPREAD (ATS),venue x line size,neutral site g. +28.5 to +35,17,8,8,1,0.5,-72.73,-0.0428,-0.18
SPREAD (ATS),venue x line size,neutral site h. +35 or more,22,11,11,0,0.5,-98.74,-0.0449,-0.22
SPREAD (ATS),venue x line size,road dog a. +0.5 to +3,1371,723,618,30,0.5391,4143.58,0.0302,1.19
SPREAD (ATS),venue x line size,road dog b. +3.5 to +7,1971,980,958,33,0.5057,-6544.79,-0.0332,-1.56
SPREAD (ATS),venue x line size,road dog c. +7.5 to +10,1089,554,520,15,0.5158,-1614.27,-0.0148,-0.52
SPREAD (ATS),venue x line size,road dog d. +10.5 to +14,1406,698,693,15,0.5018,-5783.85,-0.0411,-1.62
SPREAD (ATS),venue x line size,road dog e. +14.5 to +21,1834,922,887,25,0.5097,-4822.34,-0.0263,-1.19
SPREAD (ATS),venue x line size,road dog f. +21.5 to +28,1225,593,619,13,0.4893,-7969.45,-0.0651,-2.4
SPREAD (ATS),venue x line size,road dog g. +28.5 to +35,771,389,375,7,0.5092,-2123.49,-0.0275,-0.8
SPREAD (ATS),venue x line size,road dog h. +35 or more,801,393,389,19,0.5026,-3163.3,-0.0395,-1.18
SPREAD (ATS),rest advantage,a. dog rested 5+ more days,1333,697,618,18,0.53,1673.32,0.0126,0.48
SPREAD (ATS),rest advantage,b. dog rested 1-4 more days,2127,1084,1003,40,0.5194,-1600.52,-0.0075,-0.37
SPREAD (ATS),rest advantage,c. equal rest,8264,4113,4007,144,0.5065,-26209.44,-0.0317,-3.04
SPREAD (ATS),rest advantage,d. favourite rested 1-4 more,1846,859,959,28,0.4725,-17636.91,-0.0955,-4.33
SPREAD (ATS),rest advantage,e. favourite rested 5+ more,1261,616,627,18,0.4956,-6674.21,-0.0529,-1.98
SPREAD (ATS),opening -> closing line move,a. dog gave back 1+ pts (bet on dog),2831,1392,1396,43,0.4993,-12848.71,-0.0454,-2.55
SPREAD (ATS),opening -> closing line move,b. dog gave back 0.5 pt,1180,599,563,18,0.5155,-1752.24,-0.0148,-0.54
SPREAD (ATS),opening -> closing line move,c. line never moved,1318,637,639,42,0.4992,-5832.6,-0.0443,-1.71
SPREAD (ATS),opening -> closing line move,d. dog gained 0.5 pt,1282,616,646,20,0.4881,-8528.91,-0.0665,-2.51
SPREAD (ATS),opening -> closing line move,e. dog gained 1+ pts (bet on fav),3401,1699,1654,48,0.5067,-10727.53,-0.0315,-1.94
FAVOURITE MONEYLINE,"favourite moneyline, by underdog line size",a. +0.5 to +3,2233,1175,1058,0,0.5262,-18361.58,-0.0822,-4.45
FAVOURITE MONEYLINE,"favourite moneyline, by underdog line size",b. +3.5 to +7,3011,1955,1056,0,0.6493,-13385.99,-0.0445,-3.45
FAVOURITE MONEYLINE,"favourite moneyline, by underdog line size",c. +7.5 to +10,1508,1132,376,0,0.7507,-3902.64,-0.0259,-1.79
FAVOURITE MONEYLINE,"favourite moneyline, by underdog line size",d. +10.5 to +14,1720,1386,334,0,0.8058,-4416.03,-0.0257,-2.18
FAVOURITE MONEYLINE,"favourite moneyline, by underdog line size",e. +14.5 to +21,2043,1831,212,0,0.8962,-440.9,-0.0022,-0.29
FAVOURITE MONEYLINE,"favourite moneyline, by underdog line size",f. +21.5 to +28,1200,1141,59,0,0.9508,-1321.56,-0.011,-1.69
FAVOURITE MONEYLINE,"favourite moneyline, by underdog line size",g. +28.5 to +35,594,580,14,0,0.9764,-412.24,-0.0069,-1.04
FAVOURITE MONEYLINE,"favourite moneyline, by underdog line size",h. +35 or more,461,459,2,0,0.9957,639.48,0.0139,2.44
